connection_id,node_id,block_u,block_v,connection_type,encompassing_substation,normally_open,motorized,notes
BDZ-Feed,NULL,f3c775e5-5d8c-4a4b-8cc3-1178f4063ed2,7cdd3671-2431-48a3-b2f6-29d18a439416,breaker,BDZ,f,t,NULL
BDZ-IB/0,NULL,7cdd3671-2431-48a3-b2f6-29d18a439416,b4a4ebeb-aec5-4757-a48e-48f7f0eaadfd,breaker,BDZ,f,t,NULL
BDZ-IB/1,NULL,21d0866e-3af9-456e-8225-56c824e1b3a8,1cc2a174-8774-44d5-8f6c-899c1b4b5584,breaker,BDZ,f,t,NULL
BDZ-OB/0,NULL,7cdd3671-2431-48a3-b2f6-29d18a439416,87b5bac9-671a-45a3-a395-23a942d8c6e3,breaker,BDZ,f,t,NULL
BDZ-OB/1,NULL,21d0866e-3af9-456e-8225-56c824e1b3a8,252dde3e-6fd1-4abe-930f-5a146a34e495,breaker,BDZ,f,t,NULL
BDZ-Tie,NULL,7cdd3671-2431-48a3-b2f6-29d18a439416,21d0866e-3af9-456e-8225-56c824e1b3a8,breaker,BDZ,f,t,NULL
BQZ-Feed,NULL,e8367826-c6e0-469b-8eef-319a97b229f8,8c6e61e6-b10f-4d8b-bf16-969cf081db5a,breaker,BQZ,f,t,NULL
BQZ-IB/0,NULL,8c6e61e6-b10f-4d8b-bf16-969cf081db5a,0405e99d-9f5b-43fd-8fbe-1b62703fd8bc,breaker,BQZ,f,t,NULL
BQZ-IB/1,NULL,33728148-8c9e-4620-ad47-1ceeb2386a7d,9b2ab380-7ba1-444a-b70a-09318dea98fa,breaker,BQZ,f,t,NULL
BQZ-OB/0,NULL,8c6e61e6-b10f-4d8b-bf16-969cf081db5a,2a6fe8d8-e2b3-413c-aaa6-803ef7b9951d,breaker,BQZ,f,t,NULL
BQZ-OB/1,NULL,33728148-8c9e-4620-ad47-1ceeb2386a7d,dfd82082-98c1-43bc-ae50-9fcaf975a7d5,breaker,BQZ,f,t,NULL
BQZ-Tie,NULL,8c6e61e6-b10f-4d8b-bf16-969cf081db5a,33728148-8c9e-4620-ad47-1ceeb2386a7d,breaker,BQZ,f,t,NULL
BWZ-Feed,NULL,ecb0efe4-1dce-492d-a33e-4de680d58d5a,18251727-d38d-4965-8101-39f7d2eacfaf,breaker,BWZ,f,t,NULL
BWZ-IB/0,NULL,18251727-d38d-4965-8101-39f7d2eacfaf,662df440-f602-4bd3-bf1e-b7990859b06e,breaker,BWZ,f,t,NULL
BWZ-IB/1,NULL,1395d461-275d-443d-99d0-fb941741a828,4a12512f-1c1a-4b2e-b375-79447d5a856d,breaker,BWZ,f,t,NULL
BWZ-OB/0,NULL,18251727-d38d-4965-8101-39f7d2eacfaf,8b2e0d11-74fc-4a93-89ff-0885e3ad3448,breaker,BWZ,f,t,NULL
BWZ-OB/1,NULL,1395d461-275d-443d-99d0-fb941741a828,25adee9e-7d71-4458-b11e-e946910e2c3e,breaker,BWZ,f,t,NULL
BWZ-Tie,NULL,18251727-d38d-4965-8101-39f7d2eacfaf,1395d461-275d-443d-99d0-fb941741a828,breaker,BWZ,f,t,NULL
CMZ-Feed,NULL,01f05178-a12f-4844-b9ce-8023485085e1,57da60a2-78f8-4d27-87c3-72e4f751b4e4,breaker,CMZ,f,t,NULL
CMZ-IB/0,NULL,57da60a2-78f8-4d27-87c3-72e4f751b4e4,59dfafb3-3e5e-450c-9090-a73a6f9ab71e,breaker,CMZ,f,t,NULL
CMZ-IB/1,NULL,56815aba-3436-4fb6-8d40-1c1692b0273f,83e25e90-78f1-4fc2-8a84-1e7b3476da19,breaker,CMZ,f,t,NULL
CMZ-OB/0,NULL,57da60a2-78f8-4d27-87c3-72e4f751b4e4,deb9f5d2-43d3-40a7-810f-8f11bf4e8438,breaker,CMZ,f,t,NULL
CMZ-OB/1,NULL,56815aba-3436-4fb6-8d40-1c1692b0273f,1907a90f-4eb8-4390-b595-163b149565f0,breaker,CMZ,f,t,NULL
CMZ-Tie,NULL,57da60a2-78f8-4d27-87c3-72e4f751b4e4,56815aba-3436-4fb6-8d40-1c1692b0273f,breaker,CMZ,f,t,NULL
COZ-Feed,NULL,1f846960-4fcd-4d3e-8c35-103916279ae6,fe1613c5-63c1-4ca8-bcc0-e70f6005de67,breaker,COZ,f,t,NULL
COZ-IB/0,NULL,fe1613c5-63c1-4ca8-bcc0-e70f6005de67,5c340574-6a32-43ca-a228-a4211bce4f3f,breaker,COZ,f,t,NULL
COZ-IB/1,NULL,c1f2f9fe-726d-4180-9f9e-554041432ebc,dbd4405e-0c9a-4740-8cdb-cd31adbe0b8c,breaker,COZ,f,t,NULL
COZ-OB/0,NULL,fe1613c5-63c1-4ca8-bcc0-e70f6005de67,1a59068c-d418-43fa-af49-d7e50ddb81ce,breaker,COZ,f,t,NULL
COZ-OB/1,NULL,c1f2f9fe-726d-4180-9f9e-554041432ebc,908e0ce0-8466-4dfb-b270-c62ffd6d9b64,breaker,COZ,f,t,NULL
COZ-Tie,NULL,fe1613c5-63c1-4ca8-bcc0-e70f6005de67,c1f2f9fe-726d-4180-9f9e-554041432ebc,breaker,COZ,f,t,NULL
EDZ-Feed,NULL,7199e37c-a7d4-4732-b156-52c51cbc0a82,72b2ab7b-9b29-4d7c-a71d-735482c1c1e5,breaker,EDZ,f,t,NULL
EDZ-IB/0,NULL,72b2ab7b-9b29-4d7c-a71d-735482c1c1e5,9e68d34d-0582-4b15-80ff-c04575bdbc5f,breaker,EDZ,f,t,NULL
EDZ-IB/1,NULL,304c7918-94d0-4253-8e7d-8a56bac743b6,1ef901f6-7ffd-47b4-a1c8-40aebe912399,breaker,EDZ,f,t,NULL
EDZ-OB/0,NULL,72b2ab7b-9b29-4d7c-a71d-735482c1c1e5,16811edc-acde-4a23-9793-3422da79820f,breaker,EDZ,f,t,NULL
EDZ-OB/1,NULL,304c7918-94d0-4253-8e7d-8a56bac743b6,4b9fe122-e383-4c68-b26f-55cfe4a78398,breaker,EDZ,f,t,NULL
EDZ-Tie,NULL,72b2ab7b-9b29-4d7c-a71d-735482c1c1e5,304c7918-94d0-4253-8e7d-8a56bac743b6,breaker,EDZ,f,t,NULL
ES-MF-LDI/0,5690a987-8d37-4df9-b273-0b96fc7b33b8,8a71db68-7235-490c-9a32-8e433246bb4a,00cf24c6-d6b7-4665-b6b4-87fd826089e7,electrical_switch,NULL,t,t,NULL
ES-MF-LDO/0,289d049f-d9f4-46ba-8d60-fa7b2a213243,d5411695-f021-4776-a3cb-e686ce3de7d4,7028c9a5-4030-4199-810e-63994936829c,electrical_switch,NULL,t,t,NULL
ES-MF-LDO/1,c98184e3-90ac-4d85-a89c-58b0b4b47786,7028c9a5-4030-4199-810e-63994936829c,412664cd-8f9b-43bb-9ed7-375701e857f7,electrical_switch,NULL,t,t,NULL
ES-MF-M2/0,ca35dd53-88f1-4f7f-b13c-dbcb59d0d23d,96a1180b-776f-4a54-ad04-73353651f30e,8607afd1-d9fe-40af-9a81-d88eb32aa449,electrical_switch,NULL,f,f,NULL
ES-MF-M2/1,40917825-062f-4aa2-b18c-6911b026be3e,7c106ddc-c00d-4308-a6c0-e1269282df80,6f405a70-a49b-48e1-bf59-78ea58e2254b,electrical_switch,NULL,f,f,NULL
ES-MF-M4/0,fa9da78e-1d26-4efb-bd82-a9ed3d24e117,96a1180b-776f-4a54-ad04-73353651f30e,fb44702c-fd24-4ade-80b0-0e0dc3b9c13a,electrical_switch,NULL,f,f,NULL
ES-MF-M4/1,ec8d0f81-abf8-4bbe-a3b3-2bc7975188d3,54d6df0c-cf61-4978-a783-2f265749dcda,6f405a70-a49b-48e1-bf59-78ea58e2254b,electrical_switch,NULL,f,f,NULL
ES-MF-MANA-X,f984276e-77b0-45f4-be6d-d155131f907c,580423cc-c42d-4fdf-96f2-9e9c855b034b,96a1180b-776f-4a54-ad04-73353651f30e,electrical_switch,NULL,t,f,NULL
ES-MF-OMC2,a8ce1c37-f283-48cf-a7d7-af6b3216b3c0,d2da3ee2-aa3d-4d4c-88ac-1bac0e163ddd,132c28de-b2db-48ca-bb93-4167abe13847,electrical_switch,NULL,f,f,NULL
ES-MF-RD,NULL,ab337786-732d-42ba-a36b-46fc0012bd47,7028c9a5-4030-4199-810e-63994936829c,electrical_switch,NULL,t,t,Crosses OMC road DC99-DC98
ES-MF-S1/0,a131eb8f-b6ca-4efe-97b7-476fdb782ecd,00cf24c6-d6b7-4665-b6b4-87fd826089e7,68f6da33-5f6c-4cf4-808e-ab122df868ca,electrical_switch,NULL,f,f,NULL
ES-MF-S1/1,d3e92525-1445-476d-8c67-a5b8c01c87f6,68f6da33-5f6c-4cf4-808e-ab122df868ca,d5411695-f021-4776-a3cb-e686ce3de7d4,electrical_switch,NULL,f,f,NULL
ES-MF-S12S,NULL,d2da3ee2-aa3d-4d4c-88ac-1bac0e163ddd,86cec9f6-e15c-46f0-a233-ac332043b6ab,electrical_switch,NULL,t,t,NULL
ES-MF-S13S,f235960b-2ca0-41fa-8176-677bbd5d0640,d2da3ee2-aa3d-4d4c-88ac-1bac0e163ddd,b8b30bd8-18df-42d1-8eb4-56c8c6fcc524,electrical_switch,NULL,t,t,NULL
ES-MF-S2/0,716c9e69-257f-4126-b212-ad29a0faf3a7,00cf24c6-d6b7-4665-b6b4-87fd826089e7,8cb276b7-aad8-43d4-8c6f-6093add75d49,electrical_switch,NULL,f,f,NULL
ES-MF-S2/1,bd2d3408-09ee-40aa-9e28-03c16a1b1d32,8cb276b7-aad8-43d4-8c6f-6093add75d49,d5411695-f021-4776-a3cb-e686ce3de7d4,electrical_switch,NULL,f,f,NULL
ES-MF-S3/0,be9972b7-d403-40aa-96f8-0c7fe7085940,00cf24c6-d6b7-4665-b6b4-87fd826089e7,ecea9f5f-d84a-4e4e-adc4-29f8a27aabd7,electrical_switch,NULL,f,f,NULL
ES-MF-S3/1,d99ae494-629a-417e-9ff1-b50771d9482c,ecea9f5f-d84a-4e4e-adc4-29f8a27aabd7,d5411695-f021-4776-a3cb-e686ce3de7d4,electrical_switch,NULL,f,f,NULL
ES-MF-S4/0,bd3bbd94-9232-4ad6-8d97-c1b55a59f698,8a71db68-7235-490c-9a32-8e433246bb4a,87fcb00d-89b5-4235-b4fd-10f42ca5063d,electrical_switch,NULL,f,f,NULL
ES-MF-S4/1,1cdd81bd-c9a7-4267-96bd-08971abf6549,87fcb00d-89b5-4235-b4fd-10f42ca5063d,7028c9a5-4030-4199-810e-63994936829c,electrical_switch,NULL,t,f,NULL
ES-MF-S5/0,ea559e36-ba59-4b93-ad0e-a6fcb18edf5a,8a71db68-7235-490c-9a32-8e433246bb4a,170d27d4-afa9-433a-92ff-2d59475c6e39,electrical_switch,NULL,f,f,NULL
ES-MF-S5/1,28208e82-a7fc-41ec-ad66-23b807f0873f,170d27d4-afa9-433a-92ff-2d59475c6e39,7028c9a5-4030-4199-810e-63994936829c,electrical_switch,NULL,t,f,NULL
ES-MF-TZ/0,785ecf66-4fb6-4116-87e8-c5b1d52ff4cc,8e4cf3b2-ef9e-4cba-bb0e-6e8319ac8d26,580423cc-c42d-4fdf-96f2-9e9c855b034b,electrical_switch,NULL,f,t,NULL
ES-MF-TZ/1,c6b524ee-7eef-45ff-b8f6-472b90d2c142,580423cc-c42d-4fdf-96f2-9e9c855b034b,412664cd-8f9b-43bb-9ed7-375701e857f7,electrical_switch,NULL,t,f,NULL
ES-MF-VCIF/0,7362f370-b25a-47b6-a9e6-0438165a19f1,412664cd-8f9b-43bb-9ed7-375701e857f7,b88a9295-9665-4c3d-a2a0-50afe8940a88,electrical_switch,NULL,t,f,NULL
ES-MF-VCIF/1,8f9727a3-b39d-4991-af61-31e5f6b2da3f,b88a9295-9665-4c3d-a2a0-50afe8940a88,ab337786-732d-42ba-a36b-46fc0012bd47,electrical_switch,NULL,t,f,NULL
ES-MF-VS2,NULL,d6208e68-068f-4d43-b33e-5d58900224eb,96a1180b-776f-4a54-ad04-73353651f30e,electrical_switch,NULL,f,f,Crosses Vehicle Shop 2
ES-MF-WT/0,b86fdc74-f522-4eca-8071-333d23bfa20f,8e4cf3b2-ef9e-4cba-bb0e-6e8319ac8d26,16b33c3e-fba4-4bd0-8e51-109e30f792e8,electrical_switch,NULL,f,t,NULL
ES-MF-WT/1,770676e5-5e5a-4ca7-97a1-6e9a0816db49,16b33c3e-fba4-4bd0-8e51-109e30f792e8,412664cd-8f9b-43bb-9ed7-375701e857f7,electrical_switch,NULL,t,f,NULL
ES-MF-YRA,e12bc8ec-9040-46e8-8bb0-37e448da247c,412664cd-8f9b-43bb-9ed7-375701e857f7,d2da3ee2-aa3d-4d4c-88ac-1bac0e163ddd,electrical_switch,NULL,f,t,NULL
ESBQ1,50a14daa-530c-4cf6-b99c-2f081d42243d,c21e3c57-ea5f-4b38-ae91-66484c9d4998,5d8a85df-f555-4bcc-bf0d-5b2d5232c5c7,electrical_switch,NULL,f,t,NULL
ESBQ2,39185e03-4cd6-43f8-9fa7-a4ba31238b7d,0b081b4f-2b01-42d5-b938-20b0b6074964,0405e99d-9f5b-43fd-8fbe-1b62703fd8bc,electrical_switch,NULL,f,t,NULL
ESBQ3,436b554a-5496-42b8-97df-acbeef5e260d,5d8a85df-f555-4bcc-bf0d-5b2d5232c5c7,2a6fe8d8-e2b3-413c-aaa6-803ef7b9951d,electrical_switch,NULL,f,t,NULL
ESBRI,aa37e4b5-9977-4da3-b913-6e79e97f5338,8453bfe0-03e7-4ed3-ba70-20f0198eb496,df11650d-11ac-4bc5-ae55-d97fee0d4672,electrical_switch,NULL,f,t,NULL
ESCCI,c9186ebd-4ba4-4a7f-b73d-0ad58bf9bd96,65b60815-630e-40e7-b1f3-ff63640b5516,ed8ab47f-85f8-4a8d-a5fa-5bbe6f2b2955,electrical_switch,NULL,f,t,NULL
ESCCO,ff2a564a-494e-479a-9e3c-6479f9b5eac0,40b3dd3b-18dd-4589-89c1-8929f141b9e2,5b5dd271-b45d-4910-b19b-e47da225b426,electrical_switch,NULL,f,t,NULL
ESCMI,95049869-748a-4afd-8455-f60acefd11b6,83e25e90-78f1-4fc2-8a84-1e7b3476da19,91f559fe-d6d5-42ae-a344-bdadec4ee5dd,electrical_switch,NULL,f,t,NULL
ESCMO,c5bcb19b-a4b9-41b2-9dae-0d1a400c23f5,1907a90f-4eb8-4390-b595-163b149565f0,a87912f9-5c3a-43dd-978d-70f55033a6ef,electrical_switch,NULL,f,t,NULL
ESCTI,a69ff0e0-bdae-4146-9b13-faeed854568e,dbd4405e-0c9a-4740-8cdb-cd31adbe0b8c,ef660a2b-a765-4672-b255-dbea67336439,electrical_switch,NULL,f,t,NULL
ESCTO,74fbb066-b4d5-43a4-9a79-8437a5b2706c,908e0ce0-8466-4dfb-b270-c62ffd6d9b64,72c6107e-5281-4ab2-9114-68e12db14450,electrical_switch,NULL,f,t,NULL
ESEDI,1b8fcb4d-0f39-45d7-b9af-f95fe91e9b4b,7441910f-e07a-47ae-b12f-92ef628cd04f,edf10610-4770-4153-b828-ddb02217b1f9,electrical_switch,NULL,f,t,NULL
ESFCI/1,5eff4bb7-5183-40c0-8e56-b7e6f73dcdba,aff878ce-5dba-4d74-a8ae-13227c6e992f,3b11f914-336a-4f41-9361-7efc15b587b2,electrical_switch,NULL,f,t,NULL
ESFCI/2,704a0148-82a7-4e9c-bb7b-029c16196064,5db79cf7-40e5-4740-9e77-26140c522955,65b60815-630e-40e7-b1f3-ff63640b5516,electrical_switch,NULL,f,t,NULL
ESGMI,92c05202-9198-4ed6-8b87-74e4db39213e,fb37d9f9-fa89-4d15-b851-faa5381ed912,8453bfe0-03e7-4ed3-ba70-20f0198eb496,electrical_switch,NULL,f,t,NULL
ESGMO,4191f602-f305-4737-808b-0fc9b0b80731,7118615b-84e9-493c-bdff-dd3c3a3f31ee,9bea3385-eb91-4e57-ada2-66cbbcaed01d,electrical_switch,NULL,f,t,NULL
ESGWI,c379429e-d529-4467-92ef-2c5649486421,f2914be7-f6ff-4c32-a330-c3bab9c6efcf,9fc00356-dbf0-48b2-90e3-c63eed8c762d,electrical_switch,NULL,f,t,NULL
ESGWO,d5a1ecf2-ebf3-434a-8315-ec9f7d4976f2,833d67ff-4268-4ae8-8c11-6579cf9f5e30,35222a84-a851-43ba-86e2-e3c9a9b15564,electrical_switch,NULL,f,t,NULL
ESHOI,5c20bbd3-ce29-4abe-8712-ff7c602b7128,fbe2ffd9-6947-4c5b-a2dd-c612b9f0dd16,cfd6de98-6575-450c-a3ba-608f0a4fa241,electrical_switch,NULL,f,t,NULL
ESHOO,3569df36-c558-4273-a36a-6ed5eef5e3df,235cce04-b6df-46fa-9752-f61ad8bae1d5,8e656b60-594d-494d-b548-2aa52f45b4b6,electrical_switch,NULL,f,t,NULL
ESICO,ff8b98bd-ebf2-4339-a899-eec9af56eb6e,3517ced2-cb0e-4e07-8a50-55bc2bb53881,07ddbc93-8cc0-4905-b32a-c7252d5bd0ad,electrical_switch,NULL,f,t,NULL
ESJYI,c812d263-1bae-44a5-9658-f09d4666b1fe,f927dbf6-4b05-4859-806b-fa02c3a55ccb,9618a59c-9e7c-4705-9623-db7a44328b68,electrical_switch,NULL,f,t,NULL
ESJYO,cb9ddbcd-b3ec-40d6-8110-25e6350a248e,fb13e561-817e-4c4e-8895-c372b2338122,7c13475c-0eb2-4c32-9509-bc7add418d66,electrical_switch,NULL,f,t,NULL
ESKGI,869338c7-8fe6-413d-be3f-2c1e97297e93,02df13f2-4300-4b81-9a8b-9e50985870c2,00ca279a-711a-4499-8276-f2aa74649c3e,electrical_switch,NULL,f,t,NULL
ESKGO,02113c74-ca34-4fe5-a46c-0ec1149ac3d8,e54dc9ed-6f62-43cb-8a64-7e68c69b1556,017278de-3f7e-4ad5-b678-66e8dcb230d6,electrical_switch,NULL,f,t,NULL
ESKGX,217ecf92-43bb-468c-9caa-04e9075b4805,8bbb8303-438d-4ba8-afb3-e3737ef95d34,9e8ec360-738a-451f-ae45-1e6cb00e644b,electrical_switch,NULL,f,t,NULL
ESLAI,f13b354f-dc35-453c-a643-955dbd9b5932,ed8ab47f-85f8-4a8d-a5fa-5bbe6f2b2955,c3d5f7f9-6560-4e8a-9336-2493475eb93b,electrical_switch,NULL,f,t,NULL
ESLAO/1,ee63c335-fd7c-4ef3-b0ea-ca2670f7d55e,40b3dd3b-18dd-4589-89c1-8929f141b9e2,2ca26f73-6e78-4e07-909e-195cc2fb5ff4,electrical_switch,NULL,f,t,NULL
ESLAO/2,268b95a4-37a4-4d80-aada-252d340b4f51,2ca26f73-6e78-4e07-909e-195cc2fb5ff4,a88d024c-27ba-4047-8b5b-d0af3c93b651,electrical_switch,NULL,f,t,NULL
ESLAX,NULL,db36e4cb-185b-4640-839d-e8d988e906ca,1aaa3aa1-0255-468e-9774-521ec83744d6,cross_connect_switch,NULL,t,t,NULL
ESLCO,5312d30a-1ac3-47fb-bb11-d69b51e73eef,544feef2-a8cf-443f-87e6-1dac4216c865,9560239c-e71a-4820-8faf-c8e90aed1d48,electrical_switch,NULL,f,t,NULL
ESLHI,1bed19ad-d5e7-4895-9794-579529aa414f,0870bd31-d598-4500-8278-b0b74ade8e7d,b4a4ebeb-aec5-4757-a48e-48f7f0eaadfd,electrical_switch,NULL,f,t,NULL
ESLHO/1,a6e3a5b9-1e19-4cc3-be37-9415334d45ee,af8e208d-8195-40bd-99cf-ccfc8d822b02,ef0988c3-bdc6-46be-b8c3-2edfa64dd0bf,electrical_switch,NULL,f,t,NULL
ESLHO/2,80a6ce76-4f24-4708-8a19-8550c5a945a6,ef0988c3-bdc6-46be-b8c3-2edfa64dd0bf,87b5bac9-671a-45a3-a395-23a942d8c6e3,electrical_switch,NULL,f,t,NULL
ESLHS,bd528417-84a5-4c9f-aa68-10d0c53e2533,b53b78d6-8dfc-445a-9c6e-be7aa0f93550,0b081b4f-2b01-42d5-b938-20b0b6074964,electrical_switch,NULL,f,t,NULL
ESMCI,c2eae948-6b78-48e2-95c9-8d33cd9935b0,e6c6a072-7de1-4665-97e5-4a2690c964f9,aff878ce-5dba-4d74-a8ae-13227c6e992f,electrical_switch,NULL,f,t,NULL
ESMCO,18d21edc-2863-495a-9952-a3e28d63f03d,09558c11-1216-4473-a7e3-7a08eae1c725,3517ced2-cb0e-4e07-8a50-55bc2bb53881,electrical_switch,NULL,f,t,NULL
ESMFI,796926b8-d510-4f50-94da-ea856f7c563c,edf10610-4770-4153-b828-ddb02217b1f9,dfdc29de-4aae-4311-ba56-dc009150f3c7,electrical_switch,NULL,f,t,NULL
ESMFO,0059fa32-c4c4-4662-ae37-76ce4fd66e75,555fa8a0-71a3-4f04-8248-74665a13c910,d6cb2269-12c4-48a5-9817-83925aa15f20,electrical_switch,NULL,f,t,NULL
ESMNI,3070e977-6bfb-433a-beba-a3cc3850f2b9,b0aea55d-72d7-4bc5-9ced-e20ee63dae65,cb5c2e33-d6cd-40ce-8cda-e3ce1dec1968,electrical_switch,NULL,f,t,NULL
ESMTI,d31feb60-d161-4d80-acca-fefd28313b99,5fc73f65-756a-47a3-8e81-5e198e3dacfc,d0c43d36-371c-4189-b4af-b713723348c0,electrical_switch,NULL,f,t,NULL
ESMTO,44502855-2b80-4634-b917-b467e43ecdc6,970d5326-3e11-42e9-8197-a63e43975c94,4be5ef57-18c3-485d-a3c0-395b9aff89d4,electrical_switch,NULL,f,t,NULL
ESNAI,23d56654-ff2d-4fc2-8395-ca438949b21d,b9eb1886-9402-4016-a3ac-3beee2ce8524,3ed422d7-ae4f-4d30-b6f0-aef5ffd5f956,electrical_switch,NULL,f,t,NULL
ESNAO,6bc8af27-bdc2-47ba-8b34-4747a96a422a,aaed61ff-ff5e-4197-b47d-68a289621af8,9e164fb2-2503-413d-a8ba-ac93fcc6bc96,electrical_switch,NULL,f,t,NULL
ESNPI,6e346d2c-ed2a-41c8-88e9-cbb7f94a00d2,7d935f13-f57d-4d3f-b170-c9ea2967768a,e6c6a072-7de1-4665-97e5-4a2690c964f9,electrical_switch,NULL,f,t,NULL
ESNPO,24d68166-da1f-4a8d-adaa-d57e8c578d38,33bbf14f-2b6c-406f-9018-fe943001c9d8,09558c11-1216-4473-a7e3-7a08eae1c725,electrical_switch,NULL,f,t,NULL
ESNWI,ac6de036-7c32-42eb-9ac2-515b6cb79216,05a5c018-24eb-43a1-a1a5-51b8ebf9aad7,5c340574-6a32-43ca-a228-a4211bce4f3f,electrical_switch,NULL,f,t,NULL
ESNWO,4dded3ee-61af-4bed-a933-4314891c27f6,dd247f52-9096-4057-9975-9ba3643b43d7,1a59068c-d418-43fa-af49-d7e50ddb81ce,electrical_switch,NULL,f,t,NULL
ESPTI,f5450fd6-d857-4615-a684-b0a9f4c6065e,9618a59c-9e7c-4705-9623-db7a44328b68,cbd9d66b-ace4-4b13-8af4-d561a064f444,electrical_switch,NULL,f,t,NULL
ESPWI,8b2f1adf-3308-480f-b3f4-2417fc6dc810,445c2e7e-a1e7-44cb-8b7b-652c4fc872f9,b34501c2-e6a1-4495-b07d-5b0458e63488,electrical_switch,NULL,f,t,NULL
ESPWO,bdbd6851-c150-4be1-b82f-f819374a2ede,9560239c-e71a-4820-8faf-c8e90aed1d48,bffc0dac-4d40-4cdc-a2c7-af7057ed6b86,electrical_switch,NULL,f,t,NULL
ESRUI,877e1907-b171-4f4e-9444-0892fe739931,75605936-216b-46af-aaa5-f3d83f3b7d80,c4745a39-852e-416e-984e-0251fba291da,electrical_switch,NULL,f,t,NULL
ESRUO,7074b760-e7a2-432f-9624-2d421f524493,79992546-9426-4fce-8eaa-64c558b3c108,0b34b1e4-8cfb-4fd0-94d2-451615b49e72,electrical_switch,NULL,f,t,NULL
ESSAI,9c588bf3-1b5d-497e-b7df-ac94d409d2da,1cc2a174-8774-44d5-8f6c-899c1b4b5584,6b497872-f54a-4ed9-90a6-91a63915587d,electrical_switch,NULL,f,t,NULL
ESSAO,25dac1c3-f884-4189-b48f-61251d8e562c,252dde3e-6fd1-4abe-930f-5a146a34e495,463ec25d-58f0-407a-9ba1-fe523188e3c8,electrical_switch,NULL,f,t,NULL
ESSBI,eebc3964-faec-42e9-8f7a-2a82871972e9,dbd4405e-0c9a-4740-8cdb-cd31adbe0b8c,7c80db45-eb3a-418d-88f9-7f5919d33fc8,electrical_switch,NULL,f,t,TODO Confirm Placement
ESSBO,a95520cd-64c4-4d45-b21b-5b91b62eb25e,908e0ce0-8466-4dfb-b270-c62ffd6d9b64,2eee2eb7-8bb3-4b94-ae2d-5f3e249cb58d,electrical_switch,NULL,f,t,TODO Confirm Placement
ESSCI,454bd6fb-1c9e-4f8a-b92e-1510f1bbca5d,9fc00356-dbf0-48b2-90e3-c63eed8c762d,10e4f7ef-1851-4d44-93a5-0f7467aeb4cd,electrical_switch,NULL,f,t,NULL
ESSCO,a808362b-0d6c-4ef5-baef-df072ad8fdc3,35222a84-a851-43ba-86e2-e3c9a9b15564,8bbb8303-438d-4ba8-afb3-e3737ef95d34,electrical_switch,NULL,f,t,NULL
ESSRI,f03fb4be-6f90-4aaa-9edb-77e7fb3ef79f,769a52da-edae-4913-8630-326f7eb02c91,1e7e44a9-a884-4f05-ac35-04a7e06622c7,electrical_switch,NULL,f,t,NULL
ESSRO,af2f2b5c-537b-4d7a-a3cc-8e72563ce03e,51ef4306-4e14-4546-ae34-b801ca700d6e,6d590672-9a95-4f45-9dcf-e1a4f0e6148f,electrical_switch,NULL,f,t,NULL
ESSTI,e28cd1cc-aee5-4255-80f5-77327f64fc55,cea076a3-4a5f-470e-9a70-c56b61a39936,b0aea55d-72d7-4bc5-9ced-e20ee63dae65,electrical_switch,NULL,f,t,NULL
ESSTO,cb15e2a7-1981-442c-82e6-cb1f3d0ce78c,380a15cf-af38-485a-92f7-5da2436ae3ab,09bfc043-90d7-459d-ba52-cc303e67c010,electrical_switch,NULL,f,t,NULL
ESTSI,f31c4a77-9647-46d0-830c-b378e1845d63,dfdc29de-4aae-4311-ba56-dc009150f3c7,d229ad67-33a3-4631-85ef-5e4362cfe001,electrical_switch,NULL,f,t,NULL
ESTUI,8f9a6294-5cc6-4f71-bbda-439cbba2b3cb,9b2ab380-7ba1-444a-b70a-09318dea98fa,4f10f4ee-55ad-473f-96f1-3218c4651c56,electrical_switch,NULL,f,t,NULL
ESTUO,e6689ef9-a1e4-468d-923d-b5eb52957739,dfd82082-98c1-43bc-ae50-9fcaf975a7d5,f8e25beb-8682-42e1-9779-f2265cbef09e,electrical_switch,NULL,f,t,NULL
ESVCI/1,74fc21bf-103b-4214-afc3-289f7ebc2f64,afdf1ed9-57a8-4f01-afd9-a4b20e5fa72b,59dfafb3-3e5e-450c-9090-a73a6f9ab71e,electrical_switch,NULL,f,t,NULL
ESVCI/2,198de33e-d6c0-4658-90e0-e3e9fab00be7,2d67e395-d588-4be3-bbf2-69ed3d8c5530,afdf1ed9-57a8-4f01-afd9-a4b20e5fa72b,electrical_switch,NULL,f,t,NULL
ESVCO/1,6465d20a-474b-44ab-9c13-178042d0be61,ecb0c7f4-e9f9-4a62-a9d8-079b458cba4e,deb9f5d2-43d3-40a7-810f-8f11bf4e8438,electrical_switch,NULL,f,t,NULL
ESVCO/2,a2b0e50b-aadf-4715-8951-66e4b06e8c9f,49e5ba32-9068-4fab-a6d5-8ffb9faef6c1,ecb0c7f4-e9f9-4a62-a9d8-079b458cba4e,electrical_switch,NULL,f,t,NULL
ESVSF/VS4,7ec0a106-43f8-4911-8e9e-ba5365857f04,148ddd23-67a1-464a-a876-a4f4a3442981,1effe789-c426-46f9-b0e1-ce2037bdfbf3,electrical_switch,NULL,t,t,NULL
ESVSF1,4f3a4c12-757d-4376-b4b4-5cfff930b29a,3b11f914-336a-4f41-9361-7efc15b587b2,148ddd23-67a1-464a-a876-a4f4a3442981,cross_connect_switch,NULL,t,t,NULL
ESVSF6,0f2c5e95-b845-4d26-bcc3-5ecfd0688077,8cff1313-850d-4741-b3b3-d5c67f819a73,148ddd23-67a1-464a-a876-a4f4a3442981,electrical_switch,NULL,t,t,NULL
ESWFI,e90a055e-8424-4b72-a5a1-348969b0830c,e4b32baf-30f7-42b6-83da-ed78ca779ccc,0c403a2f-ec91-4e74-a8e4-a961fb8585ff,electrical_switch,NULL,f,t,NULL
ESWFO,748f247b-b5b9-4198-bc03-6b1e4a6975f6,38d4d244-c718-4eb2-a0b9-96334dc48878,8c551048-303c-45f5-9aa2-69b2ebf2298a,electrical_switch,NULL,f,t,NULL
ESWFT,dbcb5b2b-8a5c-42c1-8630-1a16b63dfdae,19c42924-3577-44b6-a0d4-84a02e319886,38d4d244-c718-4eb2-a0b9-96334dc48878,electrical_switch,NULL,f,t,NULL
ESWFX,b69612e0-9929-4920-8c90-a57b7431d3f9,0c403a2f-ec91-4e74-a8e4-a961fb8585ff,8c551048-303c-45f5-9aa2-69b2ebf2298a,cross_connect_switch,NULL,t,t,NULL
FCZ-Feed,NULL,b486d9f4-e286-4013-acc5-67e86940641f,bde42097-cf59-428c-a048-e3fd6f40dde9,breaker,FCZ,f,t,NULL
FCZ-IB/0,NULL,bde42097-cf59-428c-a048-e3fd6f40dde9,3b11f914-336a-4f41-9361-7efc15b587b2,breaker,FCZ,f,t,NULL
FCZ-IB/1,NULL,9a8d4bdf-321a-424d-a98b-e18a0d6ded03,5db79cf7-40e5-4740-9e77-26140c522955,breaker,FCZ,f,t,NULL
FCZ-OB/0,NULL,bde42097-cf59-428c-a048-e3fd6f40dde9,07ddbc93-8cc0-4905-b32a-c7252d5bd0ad,breaker,FCZ,f,t,NULL
FCZ-OB/1,NULL,9a8d4bdf-321a-424d-a98b-e18a0d6ded03,40b3dd3b-18dd-4589-89c1-8929f141b9e2,breaker,FCZ,f,t,NULL
FCZ-Tie,NULL,bde42097-cf59-428c-a048-e3fd6f40dde9,9a8d4bdf-321a-424d-a98b-e18a0d6ded03,breaker,FCZ,f,t,NULL
FCZ-VSF-East,NULL,bde42097-cf59-428c-a048-e3fd6f40dde9,2326ce8d-bb18-4f17-8ae1-e95c295a6b86,breaker,FCZ,f,t,NULL
FCZ-VSF-Mid,NULL,bde42097-cf59-428c-a048-e3fd6f40dde9,148ddd23-67a1-464a-a876-a4f4a3442981,breaker,FCZ,f,t,NULL
FCZ-VSF-West,NULL,9a8d4bdf-321a-424d-a98b-e18a0d6ded03,8cff1313-850d-4741-b3b3-d5c67f819a73,breaker,FCZ,f,t,NULL
GMZ-Feed,NULL,72262789-9fc7-4c8e-bdca-97afdf97ee14,456c2131-415f-49c2-b47a-85539e3aefd9,breaker,GMZ,f,t,NULL
GMZ-IB/0,NULL,456c2131-415f-49c2-b47a-85539e3aefd9,c4745a39-852e-416e-984e-0251fba291da,breaker,GMZ,f,t,NULL
GMZ-IB/1,NULL,196ca9e9-c2ed-4b5c-9f8e-4a1e740a0a99,fb37d9f9-fa89-4d15-b851-faa5381ed912,breaker,GMZ,f,t,NULL
GMZ-OB/0,NULL,456c2131-415f-49c2-b47a-85539e3aefd9,0b34b1e4-8cfb-4fd0-94d2-451615b49e72,breaker,GMZ,f,t,NULL
GMZ-OB/1,NULL,196ca9e9-c2ed-4b5c-9f8e-4a1e740a0a99,7118615b-84e9-493c-bdff-dd3c3a3f31ee,breaker,GMZ,f,t,NULL
GMZ-Tie,NULL,456c2131-415f-49c2-b47a-85539e3aefd9,196ca9e9-c2ed-4b5c-9f8e-4a1e740a0a99,breaker,GMZ,f,t,NULL
GWZ-Feed,NULL,e0dfe1b1-2cd6-45c9-9c0d-24c3c4bbf665,ee525ffb-afff-42a1-b15b-c371c2b865a0,breaker,GWZ,f,t,NULL
GWZ-IB/0,NULL,ee525ffb-afff-42a1-b15b-c371c2b865a0,30ca8307-bc68-46ed-baea-e72c6f65c83f,breaker,GWZ,f,t,NULL
GWZ-IB/1,NULL,48ee0004-647a-44bd-aa9f-3be72364635a,f2914be7-f6ff-4c32-a330-c3bab9c6efcf,breaker,GWZ,f,t,NULL
GWZ-OB/0,NULL,ee525ffb-afff-42a1-b15b-c371c2b865a0,2938145a-fdba-474e-9a71-072455913d1e,breaker,GWZ,f,t,NULL
GWZ-OB/1,NULL,48ee0004-647a-44bd-aa9f-3be72364635a,833d67ff-4268-4ae8-8c11-6579cf9f5e30,breaker,GWZ,f,t,NULL
GWZ-Tie,NULL,ee525ffb-afff-42a1-b15b-c371c2b865a0,48ee0004-647a-44bd-aa9f-3be72364635a,breaker,GWZ,f,t,NULL
HOZ-Feed,NULL,4891f084-44ce-43f3-9683-847aedc6f715,ea1a4c40-ffd1-424e-8d6e-0db6c526f661,breaker,HOZ,f,t,NULL
HOZ-IB/0,NULL,ea1a4c40-ffd1-424e-8d6e-0db6c526f661,df11650d-11ac-4bc5-ae55-d97fee0d4672,breaker,HOZ,f,t,NULL
HOZ-IB/1,NULL,0850e038-5598-4129-9c63-f2706ccc48b8,fbe2ffd9-6947-4c5b-a2dd-c612b9f0dd16,breaker,HOZ,f,t,NULL
HOZ-OB/0,NULL,ea1a4c40-ffd1-424e-8d6e-0db6c526f661,9bea3385-eb91-4e57-ada2-66cbbcaed01d,breaker,HOZ,f,t,NULL
HOZ-OB/1,NULL,0850e038-5598-4129-9c63-f2706ccc48b8,235cce04-b6df-46fa-9752-f61ad8bae1d5,breaker,HOZ,f,t,NULL
HOZ-Tie,NULL,ea1a4c40-ffd1-424e-8d6e-0db6c526f661,0850e038-5598-4129-9c63-f2706ccc48b8,breaker,HOZ,f,t,NULL
JIS-BWI/1,7ddedaa9-9d37-49b5-8220-6f085dc68802,4a12512f-1c1a-4b2e-b375-79447d5a856d,b9eb1886-9402-4016-a3ac-3beee2ce8524,jumper,NULL,f,f,NULL
JIS-BWO/1,242e0947-44e7-4986-8290-b86833f7a170,25adee9e-7d71-4458-b11e-e946910e2c3e,aaed61ff-ff5e-4197-b47d-68a289621af8,jumper,NULL,f,f,NULL
JIS-EDI/1,08a57454-8945-45a3-9c30-979867484636,1ef901f6-7ffd-47b4-a1c8-40aebe912399,7441910f-e07a-47ae-b12f-92ef628cd04f,jumper,NULL,f,f,NULL
JIS-EDO/1,20f74a8b-6006-4009-b6e3-6ff1da586e12,4b9fe122-e383-4c68-b26f-55cfe4a78398,555fa8a0-71a3-4f04-8248-74665a13c910,jumper,NULL,f,f,NULL
JIS-GWI/0,3e05af58-137d-4a95-b514-d7043a9a99b4,1e7e44a9-a884-4f05-ac35-04a7e06622c7,30ca8307-bc68-46ed-baea-e72c6f65c83f,jumper,NULL,f,f,NULL
JIS-GWO/0,a1780263-9fc8-4a30-92be-ea789b304838,6d590672-9a95-4f45-9dcf-e1a4f0e6148f,2938145a-fdba-474e-9a71-072455913d1e,jumper,NULL,f,f,NULL
JIS-JYI/0,d8e837a0-510a-4bf4-99a5-4810632e47d8,db16cf22-f21b-439d-8008-9b7aadca5462,f927dbf6-4b05-4859-806b-fa02c3a55ccb,jumper,NULL,f,f,NULL
JIS-JYO/0,cccf2e86-de75-4c38-92c7-66eebe15968a,78fe35cf-5196-43fb-ab8c-df4a803c7c90,fb13e561-817e-4c4e-8895-c372b2338122,jumper,NULL,f,f,NULL
JIS-KGI/0,b435d537-760b-4ebe-a174-60c0a1be61c2,10e4f7ef-1851-4d44-93a5-0f7467aeb4cd,6c5d0ff0-f1fe-4b75-8689-4d47545bc557,jumper,NULL,f,f,NULL
JIS-MFO,61bd2435-5622-4516-9bcd-4ef7b2fcf4e7,d6cb2269-12c4-48a5-9817-83925aa15f20,0b49a843-f75d-4270-82c4-b5428afc77f6,jumper,NULL,f,f,NULL
JIS-MTB/1,1a7bbc0c-7bc0-4564-833a-694dedefe89a,6da90c88-3130-4a2e-8dc4-4d85a73dbb4d,5765afa5-4865-4229-8395-4d1bbebf657b,jumper,NULL,f,f,NULL
JIS-MTBI,20913f38-d916-4127-8450-367e51999f24,d0c43d36-371c-4189-b4af-b713723348c0,a2047deb-b805-4f09-b8d1-34d996583de3,jumper,NULL,f,f,NULL
JIS-MTBO,17ac64f6-5dea-4c19-816e-7c73ea126c6e,4be5ef57-18c3-485d-a3c0-395b9aff89d4,244cd1f4-e143-43a0-9e6b-f3d3978e79e9,jumper,NULL,f,f,NULL
JIS-MTI/0,9053e903-95b2-48c5-9392-79bec9f80265,4ea66cf4-91c8-481d-afc9-8edb931aa598,192aef89-46fa-40d0-ae59-7b1406b39e49,jumper,NULL,f,f,NULL
JIS-MTI/1,fb554a4b-8fc9-4021-8799-2e8c2496fa8c,192aef89-46fa-40d0-ae59-7b1406b39e49,5fc73f65-756a-47a3-8e81-5e198e3dacfc,jumper,NULL,f,f,NULL
JIS-MTO/0,d648791a-d699-4d5e-b3d2-34d9dc4a6c83,7057e9f9-3298-4885-9f11-47535d9ce0fa,95027bb1-019e-42ef-88c3-43e225c129b6,jumper,NULL,f,f,NULL
JIS-MTO/1,6fb86aee-cbd4-4184-83dc-3f1fba499dbc,95027bb1-019e-42ef-88c3-43e225c129b6,970d5326-3e11-42e9-8197-a63e43975c94,jumper,NULL,f,f,NULL
JIS-NAI/1,820a50cc-0863-4042-8b1f-e3bc439e2da3,5509639f-3cae-4546-8181-4406532c776c,44a890ec-71a3-4ef9-821c-c216ca5cc296,jumper,NULL,f,f,NULL
JIS-NAO/1,c80395bd-5c0c-4102-a918-2100450d91f5,8427f1e0-7b2e-4ce4-b49a-17af4ff6674a,6f8846a4-5548-4f28-a4df-7d536469da26,jumper,NULL,f,f,NULL
JIS-PTI,ac0da59f-ebf9-400a-85e7-13fe56fe6ae7,8575b575-8be7-4d97-a6e4-d75bbe87d328,4ea66cf4-91c8-481d-afc9-8edb931aa598,jumper,NULL,f,f,NULL
JIS-PTO,088118d4-d32b-47db-82d3-75a63a1bac7b,83ea2d4f-d7cd-4f57-9941-a86c88a13c9c,7057e9f9-3298-4885-9f11-47535d9ce0fa,jumper,NULL,f,f,NULL
JIS-ROI/1,a96c6625-6730-4de8-bbdf-f4a57a7adc4e,8a821191-50db-4de7-ab18-5f294ecb2e46,9e68d34d-0582-4b15-80ff-c04575bdbc5f,jumper,NULL,f,f,NULL
JIS-ROO/1,a426b832-2bde-49fb-a2db-ad6902f32d8e,9eac2903-09eb-442a-8950-ebbc2e4253c9,16811edc-acde-4a23-9793-3422da79820f,jumper,NULL,f,f,NULL
JIS-TSI/0,b25e338c-0122-4bf8-9693-cd7f759b89f8,d229ad67-33a3-4631-85ef-5e4362cfe001,2bad0257-e5bf-41bc-97d0-9a3365310ea8,jumper,NULL,f,f,NULL
JIS-TSO/0,5248b40a-408c-40d7-a1ee-a8a6633b6eaf,0b49a843-f75d-4270-82c4-b5428afc77f6,ac2c6930-a373-4071-bf19-06eef3c73261,jumper,NULL,f,f,NULL
JIS-VS-LD-OB,00742087-f791-4a52-82c1-8edc3e22e6e7,84cc03e1-f721-4827-b962-0f7598b2efc6,e1baac56-281d-4f94-a2f8-774e7b7f4b57,jumper,NULL,f,f,NULL
JIS-VS1/0,fec020d4-b429-4658-9141-e5bea9bc4944,148ddd23-67a1-464a-a876-a4f4a3442981,b17cddee-6942-4d38-bb6e-a684f161265b,jumper,NULL,f,f,NULL
JIS-VS1/1,5f7af6e1-43b0-4b44-aa44-53adf6cbbbbe,b17cddee-6942-4d38-bb6e-a684f161265b,84cc03e1-f721-4827-b962-0f7598b2efc6,jumper,NULL,t,f,NULL
JIS-VS2/0,343714f7-2c29-4af5-a5c4-1da308ec3576,148ddd23-67a1-464a-a876-a4f4a3442981,ed4d0db2-21f6-4434-9844-1a55c71cde76,jumper,NULL,f,f,NULL
JIS-VS2/1,65a93533-bfd1-4d65-ad4a-e5b9ff59e806,ed4d0db2-21f6-4434-9844-1a55c71cde76,84cc03e1-f721-4827-b962-0f7598b2efc6,jumper,NULL,t,f,NULL
JIS-VS3/0,5fff3858-17d4-462b-8b3d-604b5828892e,148ddd23-67a1-464a-a876-a4f4a3442981,607a8797-e309-44af-98c8-a5791620a8cf,jumper,NULL,f,f,NULL
JIS-VS3/1,d7b129ea-900d-4beb-ae45-c92f687d451c,607a8797-e309-44af-98c8-a5791620a8cf,84cc03e1-f721-4827-b962-0f7598b2efc6,jumper,NULL,t,f,NULL
JIS-VS4/1,1059217e-f42b-4819-99dc-5feb59b911b1,1effe789-c426-46f9-b0e1-ce2037bdfbf3,e1baac56-281d-4f94-a2f8-774e7b7f4b57,jumper,NULL,f,f,NULL
JIS-VS5/0,a9241d39-272b-46f3-bf96-593f13aa8584,148ddd23-67a1-464a-a876-a4f4a3442981,2326ce8d-bb18-4f17-8ae1-e95c295a6b86,jumper,NULL,t,f,NULL
JIS-VS5/1,00d56e85-2845-4e37-a3b1-c0f1a4eb6125,2326ce8d-bb18-4f17-8ae1-e95c295a6b86,e1baac56-281d-4f94-a2f8-774e7b7f4b57,jumper,NULL,f,f,NULL
JIS-VS6,e2069f7e-cc46-43a7-bd41-893319b4bb58,263658f7-0ba1-4b86-ba7b-64ebf7050b33,8cff1313-850d-4741-b3b3-d5c67f819a73,jumper,NULL,f,f,NULL
JIS-VS8,cffc5d30-a4fc-49a7-9aa3-5ea700d1a29c,1afe01c9-356d-4a21-abe5-332a179eed22,8cff1313-850d-4741-b3b3-d5c67f819a73,jumper,NULL,f,f,NULL
JIS-VS9-VS8,NULL,222fe6b1-5ac3-45bb-882a-b13d6ced3f30,1afe01c9-356d-4a21-abe5-332a179eed22,jumper,NULL,f,f,NULL
JIS-VS9/0,046f6750-a5fe-4731-ae56-76c5640fcd7e,8869bf27-5618-41f2-8dfc-3071e5cfaf29,222fe6b1-5ac3-45bb-882a-b13d6ced3f30,jumper,NULL,f,f,NULL
JIS-VS9/1,351f866e-c3e2-4b25-a3a2-79ce8d421c3c,222fe6b1-5ac3-45bb-882a-b13d6ced3f30,8cff1313-850d-4741-b3b3-d5c67f819a73,jumper,NULL,f,f,NULL
JIS-VTB/0,fa64711c-90e5-497e-8388-85f2814043bb,f4320bce-e3b9-4e62-ab68-b432862767ce,a71cbb46-de51-4344-9342-3d92132ddccb,jumper,NULL,f,f,NULL
JIS-VTBI,43eb5c3f-fe75-4410-bbfb-81c48eaecacc,3ed422d7-ae4f-4d30-b6f0-aef5ffd5f956,a99c0580-eaac-4ee8-92f0-53a014b1e70d,jumper,NULL,f,f,NULL
JIS-VTBO,c1360fad-ea2a-4277-ad4c-655ba811182b,9e164fb2-2503-413d-a8ba-ac93fcc6bc96,4eebbdec-34f3-4ee0-8565-ccffd95fd89d,jumper,NULL,f,f,NULL
JIS-YP,4245fca0-4edf-45c5-9883-5b3723e5c1fc,638d8aec-70f8-4ec2-b4f7-ef199dad7470,2bc2cd2d-3ff4-41a5-839f-dd603c9bcf41,jumper,NULL,f,f,NULL
JYZ-Feed,NULL,93ac8d71-2160-4c6f-bef7-1f15184a511d,42811914-2951-49ea-a44d-0ead54e07554,breaker,JYZ,f,t,NULL
JYZ-IB/0,NULL,42811914-2951-49ea-a44d-0ead54e07554,44a890ec-71a3-4ef9-821c-c216ca5cc296,breaker,JYZ,f,t,NULL
JYZ-IB/1,NULL,6ad4844c-5ff5-402b-bc26-7c7dc90e7e20,db16cf22-f21b-439d-8008-9b7aadca5462,breaker,JYZ,f,t,NULL
JYZ-OB/0,NULL,42811914-2951-49ea-a44d-0ead54e07554,6f8846a4-5548-4f28-a4df-7d536469da26,breaker,JYZ,f,t,NULL
JYZ-OB/1,NULL,6ad4844c-5ff5-402b-bc26-7c7dc90e7e20,78fe35cf-5196-43fb-ab8c-df4a803c7c90,breaker,JYZ,f,t,NULL
JYZ-Tie,NULL,42811914-2951-49ea-a44d-0ead54e07554,6ad4844c-5ff5-402b-bc26-7c7dc90e7e20,breaker,JYZ,f,t,NULL
KGZ-Feed,NULL,0f2351ac-bfbc-493f-9602-41186e0e5941,f07e1c5a-11a5-4536-8a34-098f60088a4f,breaker,KGZ,f,t,NULL
KGZ-IB/0,NULL,f07e1c5a-11a5-4536-8a34-098f60088a4f,6c5d0ff0-f1fe-4b75-8689-4d47545bc557,breaker,KGZ,f,t,NULL
KGZ-IB/1,NULL,0f4b5993-9d21-4e94-8315-6eae86cdaa17,02df13f2-4300-4b81-9a8b-9e50985870c2,breaker,KGZ,f,t,NULL
KGZ-OB/0,NULL,f07e1c5a-11a5-4536-8a34-098f60088a4f,9e8ec360-738a-451f-ae45-1e6cb00e644b,breaker,KGZ,f,t,NULL
KGZ-OB/1,NULL,0f4b5993-9d21-4e94-8315-6eae86cdaa17,e54dc9ed-6f62-43cb-8a64-7e68c69b1556,breaker,KGZ,f,t,NULL
KGZ-Tie,NULL,f07e1c5a-11a5-4536-8a34-098f60088a4f,0f4b5993-9d21-4e94-8315-6eae86cdaa17,breaker,KGZ,f,t,NULL
LAZ-Feed,NULL,a73ed39c-a511-40fb-8a61-84c8abc53d8f,9c3ab00e-8241-4206-812f-b33e672edca9,breaker,LAZ,f,t,NULL
LAZ-IB/0,NULL,9c3ab00e-8241-4206-812f-b33e672edca9,c3d5f7f9-6560-4e8a-9336-2493475eb93b,breaker,LAZ,f,t,NULL
LAZ-IB/1,NULL,b5d9dd34-9443-4ba2-8bfb-d17b9eb8bb69,db36e4cb-185b-4640-839d-e8d988e906ca,breaker,LAZ,f,t,NULL
LAZ-OB/0,NULL,9c3ab00e-8241-4206-812f-b33e672edca9,a88d024c-27ba-4047-8b5b-d0af3c93b651,breaker,LAZ,f,t,NULL
LAZ-OB/1,NULL,b5d9dd34-9443-4ba2-8bfb-d17b9eb8bb69,1aaa3aa1-0255-468e-9774-521ec83744d6,breaker,LAZ,f,t,NULL
LAZ-Tie,NULL,9c3ab00e-8241-4206-812f-b33e672edca9,b5d9dd34-9443-4ba2-8bfb-d17b9eb8bb69,breaker,LAZ,f,t,NULL
LCZ-Feed,NULL,db99d33d-a3d9-418c-9b4e-f95155da0f3c,7529ccd9-ce10-4b10-9cd3-e4ecf3c8d643,breaker,LCZ,f,t,NULL
LCZ-IB/0,NULL,7529ccd9-ce10-4b10-9cd3-e4ecf3c8d643,cfd6de98-6575-450c-a3ba-608f0a4fa241,breaker,LCZ,f,t,NULL
LCZ-IB/1,NULL,8acecbb3-1f78-4e9b-8df7-07d36d671ea8,445c2e7e-a1e7-44cb-8b7b-652c4fc872f9,breaker,LCZ,f,t,NULL
LCZ-OB/0,NULL,7529ccd9-ce10-4b10-9cd3-e4ecf3c8d643,8e656b60-594d-494d-b548-2aa52f45b4b6,breaker,LCZ,f,t,NULL
LCZ-OB/1,NULL,8acecbb3-1f78-4e9b-8df7-07d36d671ea8,544feef2-a8cf-443f-87e6-1dac4216c865,breaker,LCZ,f,t,NULL
LCZ-Tie,NULL,7529ccd9-ce10-4b10-9cd3-e4ecf3c8d643,8acecbb3-1f78-4e9b-8df7-07d36d671ea8,breaker,LCZ,f,t,NULL
LHZ-Feed,NULL,878939c7-9a48-45a4-bec0-f60adeb2a866,97755273-533c-469a-a612-8d7907a1a37c,breaker,LHZ,f,t,NULL
LHZ-IB/0,NULL,97755273-533c-469a-a612-8d7907a1a37c,b4a4ebeb-aec5-4757-a48e-48f7f0eaadfd,breaker,LHZ,f,t,NULL
LHZ-IB/1,NULL,b9261885-6787-4d98-9dbd-5f811d256295,b53b78d6-8dfc-445a-9c6e-be7aa0f93550,breaker,LHZ,f,t,NULL
LHZ-OB/0,NULL,97755273-533c-469a-a612-8d7907a1a37c,ef0988c3-bdc6-46be-b8c3-2edfa64dd0bf,breaker,LHZ,f,t,NULL
LHZ-OB/1,NULL,b9261885-6787-4d98-9dbd-5f811d256295,c21e3c57-ea5f-4b38-ae91-66484c9d4998,breaker,LHZ,f,t,NULL
LHZ-Tie,NULL,97755273-533c-469a-a612-8d7907a1a37c,b9261885-6787-4d98-9dbd-5f811d256295,breaker,LHZ,f,t,NULL
MFZ-DC104,NULL,e4cbbc1a-62e0-4dc9-895c-85da55b3a95f,d2da3ee2-aa3d-4d4c-88ac-1bac0e163ddd,breaker,MFZ,f,t,NULL
MFZ-DC68-DC60,NULL,e4cbbc1a-62e0-4dc9-895c-85da55b3a95f,ab337786-732d-42ba-a36b-46fc0012bd47,breaker,MFZ,f,t,NULL
MFZ-DC76,NULL,e4cbbc1a-62e0-4dc9-895c-85da55b3a95f,00cf24c6-d6b7-4665-b6b4-87fd826089e7,breaker,MFZ,f,t,NULL
MFZ-DC96-DC95,NULL,e4cbbc1a-62e0-4dc9-895c-85da55b3a95f,7028c9a5-4030-4199-810e-63994936829c,breaker,MFZ,f,t,NULL
MFZ-Feed,NULL,8e543911-ea03-4324-a334-a42ca214c55a,e4cbbc1a-62e0-4dc9-895c-85da55b3a95f,breaker,MFZ,f,t,NULL
MFZ-MANA-1,NULL,e4cbbc1a-62e0-4dc9-895c-85da55b3a95f,6f405a70-a49b-48e1-bf59-78ea58e2254b,breaker,MFZ,f,t,NULL
MFZ-S12-S,NULL,e4cbbc1a-62e0-4dc9-895c-85da55b3a95f,86cec9f6-e15c-46f0-a233-ac332043b6ab,breaker,MFZ,f,t,NULL
MFZ-S13,NULL,e4cbbc1a-62e0-4dc9-895c-85da55b3a95f,b8b30bd8-18df-42d1-8eb4-56c8c6fcc524,breaker,MFZ,f,t,NULL
MFZ-TZ/0,NULL,e4cbbc1a-62e0-4dc9-895c-85da55b3a95f,8e4cf3b2-ef9e-4cba-bb0e-6e8319ac8d26,breaker,MFZ,f,t,NULL
MFZ-VCF,NULL,e4cbbc1a-62e0-4dc9-895c-85da55b3a95f,b88a9295-9665-4c3d-a2a0-50afe8940a88,breaker,MFZ,f,t,NULL
MNZ-Feed,NULL,36fd4efe-9bf1-467c-8830-dc588659dc06,0826fc84-a2d2-4771-b061-a61e97a9a809,breaker,MNZ,f,t,NULL
MNZ-IB/0,NULL,0826fc84-a2d2-4771-b061-a61e97a9a809,cb5c2e33-d6cd-40ce-8cda-e3ce1dec1968,breaker,MNZ,f,t,NULL
MNZ-IB/1,NULL,26659341-a083-4b5f-8731-907c796917cd,662df440-f602-4bd3-bf1e-b7990859b06e,breaker,MNZ,f,t,NULL
MNZ-OB/0,NULL,0826fc84-a2d2-4771-b061-a61e97a9a809,09bfc043-90d7-459d-ba52-cc303e67c010,breaker,MNZ,f,t,NULL
MNZ-OB/1,NULL,26659341-a083-4b5f-8731-907c796917cd,8b2e0d11-74fc-4a93-89ff-0885e3ad3448,breaker,MNZ,f,t,NULL
MNZ-Tie,NULL,0826fc84-a2d2-4771-b061-a61e97a9a809,26659341-a083-4b5f-8731-907c796917cd,breaker,MNZ,f,t,NULL
NAZ-Feed,NULL,62e1a443-21d1-4b62-a103-61c27b5cf8a5,17e72068-4756-473f-aa30-a6a2cdbd5e16,breaker,NAZ,f,t,NULL
NAZ-IB/0,NULL,17e72068-4756-473f-aa30-a6a2cdbd5e16,a99c0580-eaac-4ee8-92f0-53a014b1e70d,breaker,NAZ,f,t,NULL
NAZ-IB/1,NULL,7dc7b045-0003-4c8e-8981-f4736a69e71d,5509639f-3cae-4546-8181-4406532c776c,breaker,NAZ,f,t,NULL
NAZ-OB/0,NULL,17e72068-4756-473f-aa30-a6a2cdbd5e16,4eebbdec-34f3-4ee0-8565-ccffd95fd89d,breaker,NAZ,f,t,NULL
NAZ-OB/1,NULL,7dc7b045-0003-4c8e-8981-f4736a69e71d,8427f1e0-7b2e-4ce4-b49a-17af4ff6674a,breaker,NAZ,f,t,NULL
NAZ-Tie,NULL,17e72068-4756-473f-aa30-a6a2cdbd5e16,7dc7b045-0003-4c8e-8981-f4736a69e71d,breaker,NAZ,f,t,NULL
NPZ-Feed,NULL,1c21f5a1-566a-4698-8ad1-c506dfc5dc04,782aa0b8-0512-417d-b14a-b814454c911b,breaker,NPZ,f,t,NULL
NPZ-IB/0,NULL,782aa0b8-0512-417d-b14a-b814454c911b,4f10f4ee-55ad-473f-96f1-3218c4651c56,breaker,NPZ,f,t,NULL
NPZ-IB/1,NULL,fb952b70-fc55-4bcd-935b-bcf80e5761f9,7d935f13-f57d-4d3f-b170-c9ea2967768a,breaker,NPZ,f,t,NULL
NPZ-OB/0,NULL,782aa0b8-0512-417d-b14a-b814454c911b,f8e25beb-8682-42e1-9779-f2265cbef09e,breaker,NPZ,f,t,NULL
NPZ-OB/1,NULL,fb952b70-fc55-4bcd-935b-bcf80e5761f9,33bbf14f-2b6c-406f-9018-fe943001c9d8,breaker,NPZ,f,t,NULL
NPZ-Tie,NULL,782aa0b8-0512-417d-b14a-b814454c911b,fb952b70-fc55-4bcd-935b-bcf80e5761f9,breaker,NPZ,f,t,NULL
NWZ-Feed,NULL,baff2b77-cf38-405f-a24b-3c386ac6e03d,413c1fd0-86e0-4375-9656-dac736240d87,breaker,NWZ,f,t,NULL
NWZ-IB/0,NULL,413c1fd0-86e0-4375-9656-dac736240d87,3f9d13a4-c6cc-4c94-a92e-32a9e76c13de,breaker,NWZ,f,t,NULL
NWZ-IB/1,NULL,f8b5631b-dd9e-405b-91be-4bcce5461030,05a5c018-24eb-43a1-a1a5-51b8ebf9aad7,breaker,NWZ,f,t,NULL
NWZ-OB/0,NULL,413c1fd0-86e0-4375-9656-dac736240d87,24c8f7d3-2c3c-470c-a631-d6e4d3494e1f,breaker,NWZ,f,t,NULL
NWZ-OB/1,NULL,f8b5631b-dd9e-405b-91be-4bcce5461030,dd247f52-9096-4057-9975-9ba3643b43d7,breaker,NWZ,f,t,NULL
NWZ-Tie,NULL,413c1fd0-86e0-4375-9656-dac736240d87,f8b5631b-dd9e-405b-91be-4bcce5461030,breaker,NWZ,f,t,NULL
PTZ-Feed,NULL,6d754c49-d617-4532-8baf-717f006f4422,010a26e3-2a85-4fa6-9851-307c7c9bb210,breaker,PTZ,f,t,NULL
PTZ-IB/0,NULL,010a26e3-2a85-4fa6-9851-307c7c9bb210,cbd9d66b-ace4-4b13-8af4-d561a064f444,breaker,PTZ,f,t,NULL
PTZ-IB/1,NULL,eb7bfb28-1b77-44c5-b130-aa0e38de5fb7,8575b575-8be7-4d97-a6e4-d75bbe87d328,breaker,PTZ,f,t,NULL
PTZ-OB/0,NULL,010a26e3-2a85-4fa6-9851-307c7c9bb210,7c13475c-0eb2-4c32-9509-bc7add418d66,breaker,PTZ,f,t,NULL
PTZ-OB/1,NULL,eb7bfb28-1b77-44c5-b130-aa0e38de5fb7,83ea2d4f-d7cd-4f57-9941-a86c88a13c9c,breaker,PTZ,f,t,NULL
PTZ-Tie,NULL,010a26e3-2a85-4fa6-9851-307c7c9bb210,eb7bfb28-1b77-44c5-b130-aa0e38de5fb7,breaker,PTZ,f,t,NULL
PWZ-Feed,NULL,24cb7864-9508-4f20-ab17-8aee014793e9,5a48b148-3c91-4bd0-a0ee-85dfa37b9632,breaker,PWZ,f,t,NULL
PWZ-IB/0,NULL,5a48b148-3c91-4bd0-a0ee-85dfa37b9632,b34501c2-e6a1-4495-b07d-5b0458e63488,breaker,PWZ,f,t,NULL
PWZ-IB/1,NULL,9deb6051-b04a-441d-aa4e-cd9f49f1381e,0870bd31-d598-4500-8278-b0b74ade8e7d,breaker,PWZ,f,t,NULL
PWZ-OB/0,NULL,5a48b148-3c91-4bd0-a0ee-85dfa37b9632,bffc0dac-4d40-4cdc-a2c7-af7057ed6b86,breaker,PWZ,f,t,NULL
PWZ-OB/1,NULL,9deb6051-b04a-441d-aa4e-cd9f49f1381e,af8e208d-8195-40bd-99cf-ccfc8d822b02,breaker,PWZ,f,t,NULL
PWZ-Tie,NULL,5a48b148-3c91-4bd0-a0ee-85dfa37b9632,9deb6051-b04a-441d-aa4e-cd9f49f1381e,breaker,PWZ,f,t,NULL
REZ-Feed,NULL,20e77252-3324-4b24-8a4d-97436181a6af,e1ea516f-6701-4367-ad15-9fc2494f6849,breaker,REZ,f,t,NULL
REZ-IB/0,NULL,e1ea516f-6701-4367-ad15-9fc2494f6849,91f559fe-d6d5-42ae-a344-bdadec4ee5dd,breaker,REZ,f,t,NULL
REZ-IB/1,NULL,b7a1beb6-f586-4417-a127-3f470ade8729,75605936-216b-46af-aaa5-f3d83f3b7d80,breaker,REZ,f,t,NULL
REZ-OB/0,NULL,e1ea516f-6701-4367-ad15-9fc2494f6849,a87912f9-5c3a-43dd-978d-70f55033a6ef,breaker,REZ,f,t,NULL
REZ-OB/1,NULL,b7a1beb6-f586-4417-a127-3f470ade8729,79992546-9426-4fce-8eaa-64c558b3c108,breaker,REZ,f,t,NULL
REZ-Tie,NULL,e1ea516f-6701-4367-ad15-9fc2494f6849,b7a1beb6-f586-4417-a127-3f470ade8729,breaker,REZ,f,t,NULL
ROZ-Feed,NULL,6d1df848-d469-4124-aa37-732ab552d5a1,58d0b97a-2c4a-493c-8051-f5f6542571d9,breaker,ROZ,f,t,NULL
ROZ-IB/0,NULL,58d0b97a-2c4a-493c-8051-f5f6542571d9,a2047deb-b805-4f09-b8d1-34d996583de3,breaker,ROZ,f,t,NULL
ROZ-IB/1,NULL,5f8d41df-d57e-4dda-a7c1-60a09e305ac6,8a821191-50db-4de7-ab18-5f294ecb2e46,breaker,ROZ,f,t,NULL
ROZ-OB/0,NULL,58d0b97a-2c4a-493c-8051-f5f6542571d9,244cd1f4-e143-43a0-9e6b-f3d3978e79e9,breaker,ROZ,f,t,NULL
ROZ-OB/1,NULL,5f8d41df-d57e-4dda-a7c1-60a09e305ac6,9eac2903-09eb-442a-8950-ebbc2e4253c9,breaker,ROZ,f,t,NULL
ROZ-Tie,NULL,58d0b97a-2c4a-493c-8051-f5f6542571d9,5f8d41df-d57e-4dda-a7c1-60a09e305ac6,breaker,ROZ,f,t,NULL
SAZ-Feed,NULL,23705c34-b7c6-4422-b86a-6ef736de0c45,0dbbda7e-50f2-4690-8d56-bfb5542f2fd4,breaker,SAZ,f,t,NULL
SAZ-IB/0,NULL,0dbbda7e-50f2-4690-8d56-bfb5542f2fd4,6b497872-f54a-4ed9-90a6-91a63915587d,breaker,SAZ,f,t,NULL
SAZ-IB/1,NULL,2cd3a057-c402-4472-8aef-fff4ba53236a,72c6107e-5281-4ab2-9114-68e12db14450,breaker,SAZ,f,t,NULL
SAZ-OB/0,NULL,0dbbda7e-50f2-4690-8d56-bfb5542f2fd4,463ec25d-58f0-407a-9ba1-fe523188e3c8,breaker,SAZ,f,t,NULL
SAZ-OB/1,NULL,2cd3a057-c402-4472-8aef-fff4ba53236a,ef660a2b-a765-4672-b255-dbea67336439,breaker,SAZ,f,t,NULL
SAZ-Tie,NULL,0dbbda7e-50f2-4690-8d56-bfb5542f2fd4,2cd3a057-c402-4472-8aef-fff4ba53236a,breaker,SAZ,f,t,NULL
SRZ-Feed,NULL,1d0b88d2-5ca9-477c-bae4-74760a57a06c,cdd2033a-a9e3-4596-b4b5-3b379e9b2f35,breaker,SRZ,f,t,NULL
SRZ-IB/0,NULL,cdd2033a-a9e3-4596-b4b5-3b379e9b2f35,7c80db45-eb3a-418d-88f9-7f5919d33fc8,breaker,SRZ,f,t,NULL
SRZ-IB/1,NULL,22e26384-efae-4103-a2a4-a36bf4a089cb,334ca831-6c7f-491d-96dd-c5ba47ef4413,breaker,SRZ,f,t,NULL
SRZ-IB/2,NULL,22e26384-efae-4103-a2a4-a36bf4a089cb,769a52da-edae-4913-8630-326f7eb02c91,breaker,SRZ,f,t,NULL
SRZ-OB/0,NULL,cdd2033a-a9e3-4596-b4b5-3b379e9b2f35,2eee2eb7-8bb3-4b94-ae2d-5f3e249cb58d,breaker,SRZ,f,t,NULL
SRZ-OB/1,NULL,22e26384-efae-4103-a2a4-a36bf4a089cb,51ef4306-4e14-4546-ae34-b801ca700d6e,breaker,SRZ,f,t,NULL
SRZ-Tie,NULL,cdd2033a-a9e3-4596-b4b5-3b379e9b2f35,22e26384-efae-4103-a2a4-a36bf4a089cb,breaker,SRZ,f,t,NULL
STZ-Feed,NULL,a3b476d8-d87f-476e-8e51-7fff03884e99,6586cb1a-630e-4a7b-b6f6-79ca15b01a2e,breaker,STZ,f,t,NULL
STZ-IB/0,NULL,6586cb1a-630e-4a7b-b6f6-79ca15b01a2e,5049d54b-925d-4641-abb9-5d5093bc1642,breaker,STZ,f,t,NULL
STZ-IB/1,NULL,e74d0ed5-9708-4b3b-9129-6efc551a637d,cea076a3-4a5f-470e-9a70-c56b61a39936,breaker,STZ,f,t,NULL
STZ-OB/0,NULL,6586cb1a-630e-4a7b-b6f6-79ca15b01a2e,92460b51-13e4-458e-a5dd-12422c901c04,breaker,STZ,f,t,NULL
STZ-OB/1,NULL,e74d0ed5-9708-4b3b-9129-6efc551a637d,380a15cf-af38-485a-92f7-5da2436ae3ab,breaker,STZ,f,t,NULL
STZ-Tie,NULL,6586cb1a-630e-4a7b-b6f6-79ca15b01a2e,e74d0ed5-9708-4b3b-9129-6efc551a637d,breaker,STZ,f,t,NULL
TSBD1,dd3886a0-69dd-4daf-abc6-dd32a4dee478,566e7c46-1590-43e4-ab49-43fb6c755398,b4a4ebeb-aec5-4757-a48e-48f7f0eaadfd,transfer_switch,NULL,f,t,NULL
TSHO1,22e5e5b3-fbbc-43a9-8de5-3014c62f5639,235cce04-b6df-46fa-9752-f61ad8bae1d5,80725c1c-93ce-446f-8249-71c76406d056,transfer_switch,NULL,f,t,NULL
TSMC1,4f6c5edf-fb83-4c7d-8ec3-1f4f80bbc6ef,e6c6a072-7de1-4665-97e5-4a2690c964f9,57b07b22-64d0-44b8-a34b-cdd9a4135189,transfer_switch,NULL,f,t,NULL
TSMF1,22f45199-038e-4d0d-88e9-c8e87d0a63c2,555fa8a0-71a3-4f04-8248-74665a13c910,638d8aec-70f8-4ec2-b4f7-ef199dad7470,transfer_switch,NULL,f,t,NULL
TSMT1,3a7ec652-deb9-4e3a-8041-b5857e44bd80,970d5326-3e11-42e9-8197-a63e43975c94,6da90c88-3130-4a2e-8dc4-4d85a73dbb4d,transfer_switch,NULL,f,t,NULL
TSNA1,352773ab-3783-4816-94db-0ab3221d8d0e,aaed61ff-ff5e-4197-b47d-68a289621af8,f4320bce-e3b9-4e62-ab68-b432862767ce,transfer_switch,NULL,f,t,NULL
TSSR1,54e6a22c-6e63-4495-b686-693fd1580edf,2eee2eb7-8bb3-4b94-ae2d-5f3e249cb58d,45d3c170-51d9-47a7-82c4-3971d30fc169,transfer_switch,NULL,f,t,NULL
TSZ-Feed,NULL,229b2243-9389-4f32-967f-a79730301393,64a3146f-ed43-4865-b370-9f27c03189fb,breaker,TSZ,f,t,NULL
TSZ-IB/0,NULL,64a3146f-ed43-4865-b370-9f27c03189fb,2bad0257-e5bf-41bc-97d0-9a3365310ea8,breaker,TSZ,f,t,NULL
TSZ-IB/1,NULL,f99d7a04-3165-4abd-afe1-212afe4174aa,3f9d13a4-c6cc-4c94-a92e-32a9e76c13de,breaker,TSZ,f,t,NULL
TSZ-OB/0,NULL,64a3146f-ed43-4865-b370-9f27c03189fb,ac2c6930-a373-4071-bf19-06eef3c73261,breaker,TSZ,f,t,NULL
TSZ-OB/1,NULL,f99d7a04-3165-4abd-afe1-212afe4174aa,24c8f7d3-2c3c-470c-a631-d6e4d3494e1f,breaker,TSZ,f,t,NULL
TSZ-Tie,NULL,64a3146f-ed43-4865-b370-9f27c03189fb,f99d7a04-3165-4abd-afe1-212afe4174aa,breaker,TSZ,f,t,NULL
WFZ-Feed,NULL,108ba572-140d-4680-80d8-5cf859481679,3233815f-6ce9-48db-9c85-c7447af84fda,breaker,WFZ,f,t,NULL
WFZ-IB/0,NULL,3233815f-6ce9-48db-9c85-c7447af84fda,0c403a2f-ec91-4e74-a8e4-a961fb8585ff,breaker,WFZ,f,t,NULL
WFZ-IB/1,NULL,8782a2be-9fcb-4138-8fb4-4cdbfd63e2d2,5049d54b-925d-4641-abb9-5d5093bc1642,breaker,WFZ,f,t,NULL
WFZ-OB/0,NULL,3233815f-6ce9-48db-9c85-c7447af84fda,8c551048-303c-45f5-9aa2-69b2ebf2298a,breaker,WFZ,f,t,NULL
WFZ-OB/1,NULL,8782a2be-9fcb-4138-8fb4-4cdbfd63e2d2,92460b51-13e4-458e-a5dd-12422c901c04,breaker,WFZ,f,t,NULL
WFZ-Tie,NULL,3233815f-6ce9-48db-9c85-c7447af84fda,8782a2be-9fcb-4138-8fb4-4cdbfd63e2d2,breaker,WFZ,f,t,NULL
